id;title;content;created_date
1;climate vivaciously;but decryption possibility;2023-06-20T13:27:51
2;about;constant elegantly;2023-06-20T06:03:43
3;woefully disappear than;war;2023-06-20T08:09:57
4;during roundabout;drat;2023-06-20T00:28:52
5;offensive about promptly;vigorous;2023-06-20T11:12:47
6;whoever shabby skeletal;joyfully zowie hm;2023-06-20T18:28:09
7;beside;cheerfully off bobcat;2023-06-20T10:38:46
8;phooey;times disgrace nervously;2023-06-20T07:02:51
9;inasmuch circa;pet classic;2023-06-20T02:58:13
10;perfectly;equatorial;2023-06-20T23:59:20
